artista,similar
Taylor Swift,Sabrina Carpenter
Taylor Swift,Olivia Rodrigo
Taylor Swift,Gracie Abrams
Taylor Swift,Harry Styles
Taylor Swift,Chappell Roan
Taylor Swift,Lorde
Taylor Swift,Kelsea Ballerini
Taylor Swift,Maisie Peters
Taylor Swift,Selena Gomez
Taylor Swift,Conan Gray
Taylor Swift,Tate McRae
Taylor Swift,Dua Lipa
Taylor Swift,Madison Beer
Taylor Swift,Addison Rae
Taylor Swift,Kacey Musgraves
Taylor Swift,Audrey Hobert
Taylor Swift,Carly Rae Jepsen
Taylor Swift,Ariana Grande
Taylor Swift,Phoebe Bridgers
Taylor Swift,Lana Del Rey
Taylor Swift,Selena Gomez & the Scene
Taylor Swift,Maren Morris
Taylor Swift,Katy Perry
Taylor Swift,Halsey
Taylor Swift,Niall Horan
Taylor Swift,Miley Cyrus
Taylor Swift,RAYE
Taylor Swift,KATSEYE
Taylor Swift,Demi Lovato
Taylor Swift,Avril Lavigne
Taylor Swift,Jão
Taylor Swift,Adele
Taylor Swift,Little Mix
Taylor Swift,Lady Gaga
Taylor Swift,Billie Eilish
Taylor Swift,Manu Gavassi
Taylor Swift,Rachel Platten
Taylor Swift,Shawn Mendes
Taylor Swift,Troye Sivan
Taylor Swift,Camila Cabello
Taylor Swift,Zara Larsson
Taylor Swift,Britney Spears
Taylor Swift,Melanie Martinez
Taylor Swift,Griff
Taylor Swift,Hilary Duff
Taylor Swift,Ed Sheeran
Taylor Swift,ZAYN & Taylor Swift
Taylor Swift,Benson Boone
Taylor Swift,"Jessie J, Ariana Grande & Nicki Minaj"
Taylor Swift,Shania Twain
Taylor Swift,Megan Moroney
Taylor Swift,Carrie Underwood
Taylor Swift,Kelly Clarkson
Taylor Swift,Hailee Steinfeld
Taylor Swift,Lady Antebellum
Taylor Swift,Meghan Trainor
Taylor Swift,Dove Cameron
Taylor Swift,Marina
Taylor Swift,Ke$ha
Taylor Swift,Charli xcx
Taylor Swift,Colbie Caillat
Taylor Swift,Perrie
Taylor Swift,Sugarland
Taylor Swift,Ava Max
Taylor Swift,Bebe Rexha
Taylor Swift,Madonna
Taylor Swift,Bridgit Mendler
Taylor Swift,The Chicks
Taylor Swift,LeAnn Rimes
Taylor Swift,Julia Michaels
Taylor Swift,Elle Coves
Taylor Swift,Anitta
Taylor Swift,Fifth Harmony
Taylor Swift,ZAYN
Taylor Swift,Christina Perri
Taylor Swift,Daya
Taylor Swift,Lily Allen
Taylor Swift,Hayley Kiyoko
Taylor Swift,Doja Cat
Taylor Swift,Mimi Webb
Taylor Swift,Aly & AJ
Taylor Swift,Fletcher
Taylor Swift,Mandy Moore
Taylor Swift,Rihanna
Taylor Swift,Mariah Carey
Taylor Swift,Rina Sawayama
Taylor Swift,Sam Hunt
Taylor Swift,Alex Warren
Taylor Swift,Sky Ferreira
Taylor Swift,Lea Michele
Taylor Swift,P!nk
Taylor Swift,Beyoncé
Taylor Swift,Ella Langley
Taylor Swift,ROSALÍA
Taylor Swift,Sara Bareilles
Taylor Swift,Sigrid
Taylor Swift,Shakira
Taylor Swift,Ellie Goulding
Taylor Swift,Natasha Bedingfield
Taylor Swift,Tove Lo
Drake,PARTYNEXTDOOR
Drake,DJ Khaled
Drake,Drake & Future
Drake,Tory Lanez
Drake,Lil Baby
Drake,Bryson Tiller
Drake,Gunna
Drake,Future
Drake,Meek Mill
Drake,Travi$ Scott
Drake,J. Cole
Drake,21 Savage
Drake,A Boogie wit da Hoodie
Drake,Don Toliver
Drake,NAV
Drake,Drake & 21 Savage
Drake,Jack Harlow
Drake,Rick Ross
Drake,Young Money
Drake,Roddy Ricch
Drake,Big Sean
Drake,Roy Woods
Drake,BlocBoy JB
Drake,Young Thug
Drake,Metro Boomin
Drake,The Weeknd
Drake,A$AP Rocky
Drake,Lil' Wayne
Drake,Kanye West
Drake,Migos
Drake,Majid Jordan
Drake,JAY-Z
Drake,Baby Keem
Drake,Playboi Carti
Drake,Pop Smoke
Drake,Chris Brown
Drake,Lil Tecca
Drake,Lil Yachty
Drake,Ty Dolla $ign
Drake,French Montana
Drake,4batz
Drake,21 Savage & Metro Boomin
Drake,Polo G
Drake,Lil Uzi Vert
Drake,Lil Tjay
Drake,Offset
Drake,DaBaby
Drake,Young Stoner Life
Drake,Quavo
Drake,Lil Durk
Drake,JAY-Z & Kanye West
Drake,2 Chainz
Drake,PnB Rock
Drake,¥$
Drake,Dave
Drake,Swae Lee
Drake,Trippie Redd
Drake,Huncho Jack
Drake,6LACK
Drake,Frank Ocean
Drake,Chance the Rapper
Drake,Mustard
Drake,Nemzzz
Drake,A$AP Mob
Drake,Rod Wave
Drake,YoungBoy Never Broke Again
Drake,Rich Gang
Drake,Nicki Minaj
Drake,KIDS SEE GHOSTS
Drake,Rich the Kid
Drake,Rae Sremmurd
Drake,Usher
Drake,Trey Songz
Drake,DDG
Drake,Lil Skies
Drake,Yung Bleu
Drake,Tee Grizzley
Drake,JACKBOYS
Drake,Miguel
Drake,Summer Walker
Drake,Pusha T
Drake,Dej Loaf
Drake,Internet Money
Drake,Wale
Drake,Fetty Wap
Drake,Kodak Black
Drake,Jamie Foxx
Drake,Nardo Wick
Drake,Dreamville
Drake,Kid Cudi
Drake,Mariah the Scientist
Drake,Quality Control
Drake,Moneybagg Yo
Drake,Jeremih
Drake,DJ Esco
Drake,Tyga
Drake,YNW Melly
Drake,Veeze
Drake,Chase Shakur
Drake,DONDA
Morgan Wallen,Bailey Zimmerman
Morgan Wallen,Luke Combs
Morgan Wallen,Tucker Wetmore
Morgan Wallen,Riley Green
Morgan Wallen,HARDY
Morgan Wallen,Jordan Davis
Morgan Wallen,Thomas Rhett
Morgan Wallen,Jason Aldean
Morgan Wallen,Cole Swindell
Morgan Wallen,Florida Georgia Line
Morgan Wallen,Cody Johnson
Morgan Wallen,Kane Brown
Morgan Wallen,Parker McCollum
Morgan Wallen,Dustin Lynch
Morgan Wallen,Sam Hunt
Morgan Wallen,Dylan Scott
Morgan Wallen,Hudson Westbrook
Morgan Wallen,Megan Moroney
Morgan Wallen,Tyler Hubbard
Morgan Wallen,Warren Zeiders
Morgan Wallen,Luke Bryan
Morgan Wallen,Ty Myers
Morgan Wallen,Zach Top
Morgan Wallen,Treaty Oak Revival
Morgan Wallen,Josh Ross
Morgan Wallen,Ella Langley
Morgan Wallen,Lee Brice
Morgan Wallen,Zach Bryan
Morgan Wallen,Redferrin
Morgan Wallen,Jake Owen
Morgan Wallen,Old Dominion
Morgan Wallen,Gavin Adcock
Morgan Wallen,Eric Church
Morgan Wallen,Kameron Marlowe
Morgan Wallen,Brett Young
Morgan Wallen,Conner Smith
Morgan Wallen,Dierks Bentley
Morgan Wallen,Russell Dickerson
Morgan Wallen,Billy Currington
Morgan Wallen,Lainey Wilson
Morgan Wallen,Scotty McCreery
Morgan Wallen,Vincent Mason
Morgan Wallen,Justin Moore
Morgan Wallen,Chris Young
Morgan Wallen,Blake Shelton
Morgan Wallen,Chris Stapleton
Morgan Wallen,Kenny Chesney
Morgan Wallen,Dan + Shay
Morgan Wallen,Zac Brown Band
Morgan Wallen,Chris Lane
Morgan Wallen,Chris Janson
Morgan Wallen,Brooks & Dunn
Morgan Wallen,Tyler Braden
Morgan Wallen,George Birge
Morgan Wallen,Mitchell Tenpenny
Morgan Wallen,Sam Barber
Morgan Wallen,Brantley Gilbert
Morgan Wallen,Tim McGraw
Morgan Wallen,Michael Ray
Morgan Wallen,Darius Rucker
Morgan Wallen,Dylan Gossett
Morgan Wallen,Toby Keith
Morgan Wallen,Dylan Marlowe
Morgan Wallen,Muscadine Bloodline
Morgan Wallen,Hailey Whitters
Morgan Wallen,Wyatt Flores
Morgan Wallen,Ole 60
Morgan Wallen,Jameson Rodgers
Morgan Wallen,Austin Snell
Morgan Wallen,Larry Fleet
Morgan Wallen,Gabby Barrett
Morgan Wallen,Shaboozey
Morgan Wallen,Randall King
Morgan Wallen,Eli Young Band
Morgan Wallen,Keith Urban
Morgan Wallen,Rodney Atkins
Morgan Wallen,Walker Hayes
Morgan Wallen,Flatland Cavalry
Morgan Wallen,Kelsea Ballerini
Morgan Wallen,George Strait
Morgan Wallen,Pecos & the Rooftops
Morgan Wallen,Niko Moon
Morgan Wallen,LOCASH
Morgan Wallen,Randy Houser
Morgan Wallen,Carly Pearce
Morgan Wallen,Travis Denning
Morgan Wallen,Brad Paisley
Morgan Wallen,Craig Morgan
Morgan Wallen,Brothers Osborne
Morgan Wallen,Easton Corbin
Morgan Wallen,Ian Munsick
Morgan Wallen,HIXTAPE
Morgan Wallen,Bryan Martin
Morgan Wallen,Josh Meloy
Morgan Wallen,Josh Turner
Morgan Wallen,Rascal Flatts
Morgan Wallen,Ashley Cooke
Morgan Wallen,Ryan Hurd
Morgan Wallen,Keith Whitley
Morgan Wallen,Miranda Lambert
Kendrick Lamar,Baby Keem
Kendrick Lamar,JID
Kendrick Lamar,Jay Rock
Kendrick Lamar,Black Hippy
Kendrick Lamar,"Tyler, The Creator"
Kendrick Lamar,Kanye West
Kendrick Lamar,Denzel Curry
Kendrick Lamar,Joey Bada$$
Kendrick Lamar,ScHoolboy Q
Kendrick Lamar,Kendrick Lamar & SZA
Kendrick Lamar,J. Cole
Kendrick Lamar,A$AP Rocky
Kendrick Lamar,Pusha T
Kendrick Lamar,Ab-Soul
Kendrick Lamar,Vince Staples
Kendrick Lamar,KIDS SEE GHOSTS
Kendrick Lamar,Nas
Kendrick Lamar,JAY-Z
Kendrick Lamar,Dreamville
Kendrick Lamar,Childish Gambino
Kendrick Lamar,Travi$ Scott
Kendrick Lamar,Ray Vaughn
Kendrick Lamar,2Pac
Kendrick Lamar,Lupe Fiasco
Kendrick Lamar,Isaiah Rashad
Kendrick Lamar,Mac Miller
Kendrick Lamar,Madvillain
Kendrick Lamar,Clipse
Kendrick Lamar,Saba
Kendrick Lamar,JAY-Z & Kanye West
Kendrick Lamar,OutKast
Kendrick Lamar,SOB x RBE
Kendrick Lamar,Dr. Dre
Kendrick Lamar,jev.
Kendrick Lamar,Little Simz
Kendrick Lamar,21 Savage
Kendrick Lamar,Cordae
Kendrick Lamar,Kid Cudi
Kendrick Lamar,EARTHGANG
Kendrick Lamar,MF DOOM
Kendrick Lamar,Freddie Gibbs
Kendrick Lamar,The Notorious B.I.G.
Kendrick Lamar,"Jay Rock, Kendrick Lamar, Future, James Blake"
Kendrick Lamar,Metro Boomin
Kendrick Lamar,A Tribe Called Quest
Kendrick Lamar,¥$
Kendrick Lamar,McKinley Dixon
Kendrick Lamar,Mustard
Kendrick Lamar,Chance the Rapper
Kendrick Lamar,Eminem
Kendrick Lamar,Freddie Gibbs & Madlib
Kendrick Lamar,Danny Brown
Kendrick Lamar,Rapsody
Kendrick Lamar,Future
Kendrick Lamar,Lil' Wayne
Kendrick Lamar,Redveil
Kendrick Lamar,WESTSIDE BOOGIE
Kendrick Lamar,Lil Yachty
Kendrick Lamar,IDK
Kendrick Lamar,The Throne
Kendrick Lamar,Earl Sweatshirt
Kendrick Lamar,Nipsey Hussle
Kendrick Lamar,Mavi
Kendrick Lamar,Westside Gunn
Kendrick Lamar,Common
Kendrick Lamar,DONDA
Kendrick Lamar,Mick Jenkins
Kendrick Lamar,N.W.A
Kendrick Lamar,The Game
Kendrick Lamar,Don Toliver
Kendrick Lamar,Smino
Kendrick Lamar,Mos Def
Kendrick Lamar,Roddy Ricch
Kendrick Lamar,Drake
Kendrick Lamar,"Kendrick Lamar, George Clinton, Thundercat"
Kendrick Lamar,Big Sean
Kendrick Lamar,Noname
Kendrick Lamar,Kenny Mason
Kendrick Lamar,OFWGKTA
Kendrick Lamar,Boldy James
Kendrick Lamar,Larry June
Kendrick Lamar,Doechii
Kendrick Lamar,Black Star
Kendrick Lamar,DaBaby
Kendrick Lamar,Eazy-E
Kendrick Lamar,Mobb Deep
Kendrick Lamar,Snoop Dogg
Kendrick Lamar,Aaron May
Kendrick Lamar,2 Chainz
Kendrick Lamar,Viktor Vaughn
Kendrick Lamar,JACKBOYS
Kendrick Lamar,Bas
Kendrick Lamar,BigXthaPlug
Kendrick Lamar,King Geedorah
Kendrick Lamar,Billy Woods
Kendrick Lamar,Ski Mask the Slump God
Kendrick Lamar,The Roots
Kendrick Lamar,Reason
Kendrick Lamar,Wu-Tang Clan
Kendrick Lamar,YG
The Weeknd,Tory Lanez
The Weeknd,Drake
The Weeknd,Black Atlass
The Weeknd,PARTYNEXTDOOR
The Weeknd,Don Toliver
The Weeknd,Majid Jordan
The Weeknd,Brent Faiyaz
The Weeknd,Frank Ocean
The Weeknd,Bruno Mars
The Weeknd,Bryson Tiller
The Weeknd,Givēon
The Weeknd,Avenoir
The Weeknd,Rihanna
The Weeknd,6LACK
The Weeknd,Miguel
The Weeknd,Sonder
The Weeknd,Usher
The Weeknd,SZA
The Weeknd,Jhené Aiko
The Weeknd,Chris Brown
The Weeknd,Justin Timberlake
The Weeknd,Jeremih
The Weeknd,Trey Songz
The Weeknd,Ariana Grande
The Weeknd,dvsn
The Weeknd,4batz
The Weeknd,The Weeknd & Ariana Grande
The Weeknd,Khalid
The Weeknd,Daniel Caesar
The Weeknd,Roy Woods
The Weeknd,Summer Walker
The Weeknd,Tinashe
The Weeknd,Charlie Puth
The Weeknd,Joji
The Weeknd,Justin Bieber
The Weeknd,Ty Dolla $ign
The Weeknd,Swae Lee
The Weeknd,Beyoncé
The Weeknd,Ne-Yo
The Weeknd,KayCyy
The Weeknd,Omarion
The Weeknd,Labrinth
The Weeknd,d4vd
The Weeknd,Jacquees
The Weeknd,Doja Cat
The Weeknd,Always Never
The Weeknd,Aaryan Shah
The Weeknd,ZAYN
The Weeknd,Chase Atlantic
The Weeknd,070 Shake
The Weeknd,Kehlani
The Weeknd,Ginuwine
The Weeknd,August Alsina
The Weeknd,Giveon
The Weeknd,Chase Shakur
The Weeknd,Jay Sean
The Weeknd,Aaliyah
The Weeknd,Bazzi
The Weeknd,Snoh Aalegra
The Weeknd,Kali Uchis
The Weeknd,Mario
The Weeknd,KAYTRANADA
The Weeknd,H.E.R.
The Weeknd,Cassie
The Weeknd,Jason Derülo
The Weeknd,Sampha
The Weeknd,New Edition
The Weeknd,Doja Cat & The Weeknd
The Weeknd,Boyz II Men
The Weeknd,Jamie Foxx
The Weeknd,Mariah the Scientist
The Weeknd,Mike Posner
The Weeknd,RealestK
The Weeknd,Alicia Keys
The Weeknd,Teyana Taylor
The Weeknd,Sabrina Claudio
The Weeknd,R. Kelly
The Weeknd,Che Ecru
The Weeknd,Alina Baraz
The Weeknd,Justine Skye
The Weeknd,Jorja Smith
The Weeknd,Ella Mai
The Weeknd,SAINt JHN
The Weeknd,Normani
The Weeknd,blackbear
The Weeknd,Masego
The Weeknd,Pharrell Williams
The Weeknd,Elley Duhé
The Weeknd,Akon
The Weeknd,Lloyd
The Weeknd,Anderson .Paak
The Weeknd,Steve Lacy
The Weeknd,Chris Grey
The Weeknd,Tems
The Weeknd,Lucky Daye
The Weeknd,Timbaland
The Weeknd,Josh Levi
The Weeknd,Tyla
The Weeknd,Montell Fish
The Weeknd,Omar Apollo
SZA,Summer Walker
SZA,Doja Cat
SZA,Kali Uchis
SZA,Doechii
SZA,Jhené Aiko
SZA,Mariah the Scientist
SZA,Victoria Monét
SZA,Ariana Grande
SZA,Ravyn Lenae
SZA,Kehlani
SZA,Beyoncé
SZA,Solange
SZA,Ari Lennox
SZA,Tinashe
SZA,Normani
SZA,Coco Jones
SZA,Frank Ocean
SZA,Destin Conrad
SZA,Sailorr
SZA,Tyla
SZA,Chloe x Halle
SZA,H.E.R.
SZA,The Carters
SZA,FLO
SZA,Omar Apollo
SZA,Chlöe
SZA,Jazmine Sullivan
SZA,Teyana Taylor
SZA,Ella Mai
SZA,PinkPantheress
SZA,Rihanna
SZA,Tems
SZA,Brandy
SZA,Brent Faiyaz
SZA,Kaash Paige
SZA,Erykah Badu
SZA,Jorja Smith
SZA,Bryson Tiller
SZA,Doja Cat & The Weeknd
SZA,Lauryn Hill
SZA,Daniel Caesar
SZA,Destiny's Child
SZA,Khalid
SZA,FKA twigs
SZA,Kiana Ledé
SZA,Aaliyah
SZA,Givēon
SZA,Sonder
SZA,Rochelle Jordan
SZA,Kelela
SZA,Snoh Aalegra
SZA,Madison Beer
SZA,Muni Long
SZA,Halle
SZA,Nao
SZA,PARTYNEXTDOOR
SZA,Sabrina Carpenter
SZA,Ambré
SZA,Sevyn Streeter
SZA,Amaarae
SZA,Mariah Carey
SZA,Sabrina Claudio
SZA,Alina Baraz
SZA,The Internet
SZA,Mahalia
SZA,Willow
SZA,Olivia Dean
SZA,The Weeknd
SZA,Tink
SZA,Laila!
SZA,Janelle Monáe
SZA,Erika de Casier
SZA,Keyshia Cole
SZA,Amerie
SZA,SiR
SZA,Raveena
SZA,Jessie Reyez
SZA,Teedra Moses
SZA,RAYE
SZA,Jae Stephens
SZA,Cynthia Erivo
SZA,Ms. Lauryn Hill
SZA,Miguel
SZA,Amber Mark
SZA,The Weeknd & Ariana Grande
SZA,Alemeda
SZA,Mary J. Blige
SZA,Janet Jackson
SZA,Fousheé
SZA,Fana Hues
SZA,Steve Lacy
SZA,Faith Evans
SZA,Bree Runway
SZA,orion sun
SZA,Maeta
SZA,SWV
SZA,dvsn
SZA,Lucky Daye
SZA,Amaria
SZA,Joyce Wrice
Zach Bryan,Sam Barber
Zach Bryan,Dylan Gossett
Zach Bryan,Charles Wesley Godwin
Zach Bryan,Wyatt Flores
Zach Bryan,Turnpike Troubadours
Zach Bryan,Tyler Childers
Zach Bryan,Flatland Cavalry
Zach Bryan,Treaty Oak Revival
Zach Bryan,Morgan Wallen
Zach Bryan,Ole 60
Zach Bryan,Luke Combs
Zach Bryan,Parker McCollum
Zach Bryan,Josh Meloy
Zach Bryan,Riley Green
Zach Bryan,Chris Stapleton
Zach Bryan,Colby Acuff
Zach Bryan,49 Winchester
Zach Bryan,Koe Wetzel
Zach Bryan,Gavin Adcock
Zach Bryan,Muscadine Bloodline
Zach Bryan,Cody Johnson
Zach Bryan,Megan Moroney
Zach Bryan,Bailey Zimmerman
Zach Bryan,Colter Wall
Zach Bryan,Noah Kahan
Zach Bryan,Eric Church
Zach Bryan,Evan Honer
Zach Bryan,Zach Top
Zach Bryan,Drayton Farley
Zach Bryan,Ty Myers
Zach Bryan,Shane Smith & the Saints
Zach Bryan,Tanner Usrey
Zach Bryan,Cody Jinks
Zach Bryan,Bayker Blankenship
Zach Bryan,Hudson Westbrook
Zach Bryan,Vincent Mason
Zach Bryan,Oliver Anthony Music
Zach Bryan,Brent Cobb
Zach Bryan,Zac Brown Band
Zach Bryan,Ryan Bingham
Zach Bryan,Ella Langley
Zach Bryan,Tucker Wetmore
Zach Bryan,Warren Zeiders
Zach Bryan,Pecos & the Rooftops
Zach Bryan,Sturgill Simpson
Zach Bryan,Luke Bryan
Zach Bryan,Lainey Wilson
Zach Bryan,Jason Aldean
Zach Bryan,Kameron Marlowe
Zach Bryan,Michael Marcagi
Zach Bryan,J.R. Carroll
Zach Bryan,Charley Crockett
Zach Bryan,Jason Isbell
Zach Bryan,"Zach Bryan, Kacey Musgraves"
Zach Bryan,Max McNown
Zach Bryan,Kenny Chesney
Zach Bryan,Lee Brice
Zach Bryan,Jordan Davis
Zach Bryan,George Strait
Zach Bryan,Josiah and the Bonnevilles
Zach Bryan,Thomas Rhett
Zach Bryan,Ruston Kelly
Zach Bryan,Cameron Whitcomb
Zach Bryan,HARDY
Zach Bryan,Sam Hunt
Zach Bryan,Cole Swindell
Zach Bryan,Jason Isbell and the 400 Unit
Zach Bryan,Ian Noe
Zach Bryan,Brooks & Dunn
Zach Bryan,Billy Currington
Zach Bryan,Jake Owen
Zach Bryan,Southall
Zach Bryan,Florida Georgia Line
Zach Bryan,Eli Young Band
Zach Bryan,The SteelDrivers
Zach Bryan,Dierks Bentley
Zach Bryan,Sierra Ferrell
Zach Bryan,John Moreland
Zach Bryan,Ian Munsick
Zach Bryan,Vincent Neil Emerson
Zach Bryan,Old Dominion
Zach Bryan,Gregory Alan Isakov
Zach Bryan,Toby Keith
Zach Bryan,Morgan Wade
Zach Bryan,Stephen Wilson Jr.
Zach Bryan,Tim McGraw
Zach Bryan,Chris Young
Zach Bryan,Darius Rucker
Zach Bryan,Alan Jackson
Zach Bryan,Luke Grimes
Zach Bryan,Kelsea Ballerini
Zach Bryan,Blake Shelton
Zach Bryan,Johnny Blue Skies
Zach Bryan,Kashus Culpepper
Zach Bryan,Miranda Lambert
Zach Bryan,Randy Travis
Zach Bryan,Alabama
Zach Bryan,Hailey Whitters
Zach Bryan,Tyler Hubbard
Zach Bryan,John Prine
Tyler the Creator,OFWGKTA
Tyler the Creator,Kendrick Lamar
Tyler the Creator,Domo Genesis
Tyler the Creator,Childish Gambino
Tyler the Creator,MellowHype
Tyler the Creator,Mike G
Tyler the Creator,Earl Sweatshirt
Tyler the Creator,Casey Veggies
Tyler the Creator,Pharrell Williams
Tyler the Creator,Kanye West
Tyler the Creator,A$AP Rocky
Tyler the Creator,Frank Ocean
Tyler the Creator,N*E*R*D
Tyler the Creator,KIDS SEE GHOSTS
Tyler the Creator,MF DOOM
Tyler the Creator,The Jet Age of Tomorrow
Tyler the Creator,Denzel Curry
Tyler the Creator,L-Boy
Tyler the Creator,The Internet
Tyler the Creator,JID
Tyler the Creator,Paris Texas
Tyler the Creator,Vince Staples
Tyler the Creator,Baby Keem
Tyler the Creator,Detahjae
Tyler the Creator,Mac Miller
Tyler the Creator,Madvillain
Tyler the Creator,BROCKHAMPTON
Tyler the Creator,King Geedorah
Tyler the Creator,Lil Yachty
Tyler the Creator,Danny Brown
Tyler the Creator,Joey Bada$$
Tyler the Creator,ScHoolboy Q
Tyler the Creator,Travi$ Scott
Tyler the Creator,Kevin Abstract
Tyler the Creator,DANGERDOOM
Tyler the Creator,JAY-Z & Kanye West
Tyler the Creator,¥$
Tyler the Creator,Pusha T
Tyler the Creator,Clipse
Tyler the Creator,Chance the Rapper
Tyler the Creator,Hodgy Beats
Tyler the Creator,Freddie Gibbs
Tyler the Creator,Redveil
Tyler the Creator,Viktor Vaughn
Tyler the Creator,Kid Cudi
Tyler the Creator,J. Cole
Tyler the Creator,The Alchemist
Tyler the Creator,Joey Valence & Brae
Tyler the Creator,Smino
Tyler the Creator,Doechii
Tyler the Creator,Freddie Gibbs & Madlib
Tyler the Creator,JAY-Z
Tyler the Creator,OutKast
Tyler the Creator,GoldLink
Tyler the Creator,Run the Jewels
Tyler the Creator,Isaiah Rashad
Tyler the Creator,Kendrick Lamar & SZA
Tyler the Creator,Lauryn Hill
Tyler the Creator,Drake
Tyler the Creator,IDK
Tyler the Creator,Lupe Fiasco
Tyler the Creator,A$AP Mob
Tyler the Creator,Jaden
Tyler the Creator,Nas
Tyler the Creator,Aminé
Tyler the Creator,Westside Gunn
Tyler the Creator,Death Grips
Tyler the Creator,A Tribe Called Quest
Tyler the Creator,Quasimoto
Tyler the Creator,Ty Dolla $ign
Tyler the Creator,Little Simz
Tyler the Creator,Anderson .Paak
Tyler the Creator,Lil Tecca
Tyler the Creator,MellowHigh
Tyler the Creator,Skee-Lo
Tyler the Creator,BrandUn Deshay
Tyler the Creator,21 Savage
Tyler the Creator,Common
Tyler the Creator,Czarface
Tyler the Creator,Saba
Tyler the Creator,Jay Rock
Tyler the Creator,Logic
Tyler the Creator,DONDA
Tyler the Creator,Mos Def
Tyler the Creator,Don Toliver
Tyler the Creator,Twista
Tyler the Creator,NehruvianDOOM
Tyler the Creator,Mavi
Tyler the Creator,"Tyler, The Creator, YoungBoy Never Broke Again, Ty Dolla $ign"
Tyler the Creator,JJ DOOM
Tyler the Creator,Rejjie Snow
Tyler the Creator,21 Savage & Metro Boomin
Tyler the Creator,KAYTRANADA
Tyler the Creator,Dreamville
Tyler the Creator,KMD
Tyler the Creator,Ab-Soul
Tyler the Creator,2Pac
Tyler the Creator,Dr. Dre
Tyler the Creator,The Pharcyde
Tyler the Creator,The Notorious B.I.G.
Billie Eilish,FINNEAS
Billie Eilish,Olivia Rodrigo
Billie Eilish,Melanie Martinez
Billie Eilish,Lana Del Rey
Billie Eilish,Ariana Grande
Billie Eilish,Gracie Abrams
Billie Eilish,Conan Gray
Billie Eilish,Chappell Roan
Billie Eilish,Madison Beer
Billie Eilish,Reneé Rapp
Billie Eilish,Lorde
Billie Eilish,Sabrina Carpenter
Billie Eilish,Doja Cat
Billie Eilish,Tate McRae
Billie Eilish,Harry Styles
Billie Eilish,The Neighbourhood
Billie Eilish,Aurora
Billie Eilish,girl in red
Billie Eilish,The Marías
Billie Eilish,Sydney Rose
Billie Eilish,Nessa Barrett
Billie Eilish,Halsey
Billie Eilish,Taylor Swift
Billie Eilish,Isabel LaRosa
Billie Eilish,Jão
Billie Eilish,Marina
Billie Eilish,Dua Lipa
Billie Eilish,Addison Rae
Billie Eilish,Camila Cabello
Billie Eilish,Ashnikko
Billie Eilish,Charli xcx
Billie Eilish,Troye Sivan
Billie Eilish,Mitski
Billie Eilish,Ari Abdul
Billie Eilish,Rina Sawayama
Billie Eilish,KATSEYE
Billie Eilish,Nat & Alex Wolff
Billie Eilish,Ruelle
Billie Eilish,Clairo
Billie Eilish,Lola Young
Billie Eilish,ROSALÍA
Billie Eilish,Rihanna
Billie Eilish,Sofia Isella
Billie Eilish,BENEE
Billie Eilish,Lady Gaga
Billie Eilish,Alec Benjamin
Billie Eilish,RAYE
Billie Eilish,Hayley Kiyoko
Billie Eilish,Bea Miller
Billie Eilish,Twenty One Pilots
Billie Eilish,Tove Lo
Billie Eilish,Lyn Lapid
Billie Eilish,JVKE
Billie Eilish,SYML
Billie Eilish,UPSAHL
Billie Eilish,Katy Perry
Billie Eilish,Miley Cyrus
Billie Eilish,King Princess
Billie Eilish,beabadoobee
Billie Eilish,Jaymes Young
Billie Eilish,Daya
Billie Eilish,Au/Ra
Billie Eilish,Marina & the Diamonds
Billie Eilish,Anitta
Billie Eilish,Dove Cameron
Billie Eilish,Selena Gomez
Billie Eilish,Maya Hawke
Billie Eilish,The Favors
Billie Eilish,d4vd
Billie Eilish,Bebe Rexha
Billie Eilish,Zara Larsson
Billie Eilish,Saint Avangeline
Billie Eilish,Ava Max
Billie Eilish,Baby Queen
Billie Eilish,Cavetown
Billie Eilish,Suki Waterhouse
Billie Eilish,Claire Rosinkranz
Billie Eilish,Dominic Fike
Billie Eilish,Ellise
Billie Eilish,Clarissa
Billie Eilish,mxmtoon
Billie Eilish,Sia
Billie Eilish,James Arthur
Billie Eilish,Ruel
Billie Eilish,Ke$ha
Billie Eilish,Charlotte Lawrence
Billie Eilish,David Kushner
Billie Eilish,Angèle
Billie Eilish,Ricky Montgomery
Billie Eilish,Willow
Billie Eilish,Bella Poarch
Billie Eilish,Louis Tomlinson
Billie Eilish,TV Girl
Billie Eilish,Rex Orange County
Billie Eilish,Demi Lovato
Billie Eilish,Carla Morrison
Billie Eilish,Lou Garcia
Billie Eilish,ADÉLA
Billie Eilish,Royal & the Serpent
Billie Eilish,Wallows
Ariana Grande,"Jessie J, Ariana Grande & Nicki Minaj"
Ariana Grande,Madison Beer
Ariana Grande,Cynthia Erivo
Ariana Grande,Sabrina Carpenter
Ariana Grande,Doja Cat
Ariana Grande,The Weeknd & Ariana Grande
Ariana Grande,SZA
Ariana Grande,Tate McRae
Ariana Grande,Beyoncé
Ariana Grande,Rihanna
Ariana Grande,Summer Walker
Ariana Grande,Olivia Rodrigo
Ariana Grande,Tyla
Ariana Grande,Zara Larsson
Ariana Grande,FLO
Ariana Grande,Mariah Carey
Ariana Grande,Addison Rae
Ariana Grande,Victoria Monét
Ariana Grande,Fifth Harmony
Ariana Grande,Nicki Minaj
Ariana Grande,Camila Cabello
Ariana Grande,Billie Eilish
Ariana Grande,Victoria Justice
Ariana Grande,Normani
Ariana Grande,Luísa Sonza
Ariana Grande,Destiny's Child
Ariana Grande,Dua Lipa
Ariana Grande,Zendaya
Ariana Grande,Anitta
Ariana Grande,Brandy & Monica
Ariana Grande,Tinashe
Ariana Grande,Chloe x Halle
Ariana Grande,Kehlani
Ariana Grande,Ariana Grande & Nathan Sykes
Ariana Grande,Justin Bieber
Ariana Grande,Selena Gomez
Ariana Grande,Jhené Aiko
Ariana Grande,PinkPantheress
Ariana Grande,Kali Uchis
Ariana Grande,Halle
Ariana Grande,Little Mix
Ariana Grande,Taylor Swift
Ariana Grande,Melanie Martinez
Ariana Grande,Chlöe
Ariana Grande,Britney Spears
Ariana Grande,Cassie
Ariana Grande,Miley Cyrus
Ariana Grande,Lana Del Rey
Ariana Grande,RAYE
Ariana Grande,Demi Lovato
Ariana Grande,Nathan Sykes
Ariana Grande,The Pussycat Dolls
Ariana Grande,Dove Cameron
Ariana Grande,Mariah the Scientist
Ariana Grande,Fergie
Ariana Grande,Brandy
Ariana Grande,Jae Stephens
Ariana Grande,Lizzo
Ariana Grande,Lauren Jauregui
Ariana Grande,Coco Jones
Ariana Grande,Who Is Fancy
Ariana Grande,Ava Max
Ariana Grande,Jade
Ariana Grande,Leigh-Anne
Ariana Grande,JoJo
Ariana Grande,Whitney Houston
Ariana Grande,Kiana Ledé
Ariana Grande,Shawn Mendes
Ariana Grande,Ciara
Ariana Grande,Kylie Cantrall
Ariana Grande,Christina Aguilera
Ariana Grande,Chappell Roan
Ariana Grande,Katy Perry
Ariana Grande,Lady Gaga
Ariana Grande,Keke Palmer
Ariana Grande,Selena Gomez & the Scene
Ariana Grande,Alina Baraz
Ariana Grande,Mabel
Ariana Grande,Charli xcx
Ariana Grande,Tori Kelly
Ariana Grande,Bruno Mars
Ariana Grande,The Carters
Ariana Grande,Bridgit Mendler
Ariana Grande,ROSALÍA
Ariana Grande,Jessie J
Ariana Grande,Charlie Puth
Ariana Grande,Rita Ora
Ariana Grande,Doja Cat & The Weeknd
Ariana Grande,The Weeknd
Ariana Grande,Becky G
Ariana Grande,Janet Jackson
Ariana Grande,Kim Petras
Ariana Grande,Rina Sawayama
Ariana Grande,Gracie Abrams
Ariana Grande,Lorde
Ariana Grande,Danna Paola
Ariana Grande,Reneé Rapp
Ariana Grande,Solange
Ariana Grande,Bebe Rexha
Ariana Grande,Hailee Steinfeld
Bad Bunny,JHAYCO
Bad Bunny,Rauw Alejandro
Bad Bunny,Tainy
Bad Bunny,Mora
Bad Bunny,Trio Vegabajeño
Bad Bunny,J Balvin
Bad Bunny,Myke Towers
Bad Bunny,Omar Courtz
Bad Bunny,Feid
Bad Bunny,Nio Garcia
Bad Bunny,Arcángel
Bad Bunny,Anuel AA
Bad Bunny,Eladio Carrion
Bad Bunny,Alvaro Diaz
Bad Bunny,Dei V
Bad Bunny,Quevedo
Bad Bunny,Ozuna
Bad Bunny,Young Miko
Bad Bunny,Sech
Bad Bunny,Rvssian
Bad Bunny,Daddy Yankee
Bad Bunny,Bryant Myers
Bad Bunny,KAROL G
Bad Bunny,Sky Rompiendo
Bad Bunny,Tego Calderón
Bad Bunny,Wisin & Yandel
Bad Bunny,Maluma
Bad Bunny,Arcangel
Bad Bunny,Clarent
Bad Bunny,Yandel
Bad Bunny,Ñengo Flow
Bad Bunny,Jowell & Randy
Bad Bunny,Farruko
Bad Bunny,Wisin
Bad Bunny,Bizarrap
Bad Bunny,Brytiago
Bad Bunny,Lunay
Bad Bunny,Luar La L
Bad Bunny,Alex Rose
Bad Bunny,De La Rose
Bad Bunny,Chris Jedi
Bad Bunny,Ryan Castro
Bad Bunny,RaiNao
Bad Bunny,Nicky Jam
Bad Bunny,Yan Block
Bad Bunny,Zion & Lennox
Bad Bunny,Don Omar
Bad Bunny,De La Ghetto
Bad Bunny,Rels B
Bad Bunny,Jory Boy
Bad Bunny,Brray
Bad Bunny,Jhay Cortez
Bad Bunny,Duki
Bad Bunny,Alejo
Bad Bunny,Peso Pluma
Bad Bunny,Justin Quiles
Bad Bunny,Nsqk
Bad Bunny,Danny Ocean
Bad Bunny,Jay Wheeler
Bad Bunny,Plan B
Bad Bunny,Tony Dize
Bad Bunny,Alexis y Fido
Bad Bunny,Tokischa
Bad Bunny,Paulo Londra
Bad Bunny,Zion
Bad Bunny,Gonzy
Bad Bunny,Darell
Bad Bunny,Cosculluela
Bad Bunny,Latin mafia
Bad Bunny,DJ Luian
Bad Bunny,Calle 13
Bad Bunny,Young Cister
Bad Bunny,El Bogueto
Bad Bunny,Chencho Corleone
Bad Bunny,Cris MJ
Bad Bunny,Dalex
Bad Bunny,YOVNGCHIMI
Bad Bunny,J Alvarez
Bad Bunny,Jon Z
Bad Bunny,Tiago PZK
Bad Bunny,El Alfa
Bad Bunny,Manuel Turizo
Bad Bunny,Miky Woodz
Bad Bunny,"Héctor ""El Father"""
Bad Bunny,Khea
Bad Bunny,Trueno
Bad Bunny,Piso 21
Bad Bunny,Guaynaa
Bad Bunny,Residente
Bad Bunny,Paloma Mami
Bad Bunny,Lenny Tavárez
Bad Bunny,Trap Capos
Bad Bunny,Hades66
Bad Bunny,Bad Gyal
Bad Bunny,Ovy On The Drums
Bad Bunny,Tito El Bambino
Bad Bunny,Lary Over
Bad Bunny,Gigolo y La Exce
Bad Bunny,Neton Vega
Bad Bunny,Becky G
Karol G,Natti Natasha
Karol G,J Balvin
Karol G,Maluma
Karol G,Becky G
Karol G,Maria Becerra
Karol G,Feid
Karol G,Danna Paola
Karol G,Shakira
Karol G,Rauw Alejandro
Karol G,Ryan Castro
Karol G,Greeicy
Karol G,Bad Bunny
Karol G,Emilia
Karol G,Tini
Karol G,Anitta
Karol G,Bad Gyal
Karol G,Manuel Turizo
Karol G,Ozuna
Karol G,Sofía Reyes
Karol G,Paloma Mami
Karol G,Belinda
Karol G,Cazzu
Karol G,Kapo
Karol G,Nicky Jam
Karol G,La Cruz
Karol G,Sech
Karol G,Piso 21
Karol G,Beéle
Karol G,Wisin
Karol G,Lola Indigo
Karol G,Ovy On The Drums
Karol G,Kenia Os
Karol G,Camilo
Karol G,Mariah Angeliq
Karol G,Karol G & Nicki Minaj
Karol G,Sebastian Yatra
Karol G,Ana Mena
Karol G,Lunay
Karol G,Ivy Queen
Karol G,Anahí
Karol G,Elena Rose
Karol G,ROSALÍA
Karol G,Danny Ocean
Karol G,Mau y Ricky
Karol G,Tokischa
Karol G,CNCO
Karol G,Selena
Karol G,Paulina Rubio
Karol G,Daddy Yankee
Karol G,Thalía
Karol G,Justin Quiles
Karol G,Tainy
Karol G,Myke Towers
Karol G,Gloria Trevi
Karol G,Yandel
Karol G,RBD
Karol G,Romeo Santos
Karol G,Don Omar
Karol G,Quevedo
Karol G,Nio Garcia
Karol G,Tiago PZK
Karol G,Farruko
Karol G,Yuridia
Karol G,Rvssian
Karol G,Sebastián Yatra
Karol G,W Sound
Karol G,J Balvin & Bad Bunny
Karol G,Dalex
Karol G,Alleh
Karol G,Paty Cantú
Karol G,Sofia Reyes
Karol G,Bellakath
Karol G,Yeri MUA
Karol G,Wisin & Yandel
Karol G,Blessd
Karol G,Jennifer Lopez
Karol G,Anuel AA
Karol G,Zion & Lennox
Karol G,Arcángel
Karol G,Fanny Lú
Karol G,Judeline
Karol G,Omar Courtz
Karol G,JHAYCO
Karol G,Lenny Tavárez
Karol G,Carlos Vives
Karol G,Lele Pons
Karol G,Kany García
Karol G,Maite Perroni
Karol G,FloyyMenor
Karol G,Laura Pausini
Karol G,Mike Bahía
Karol G,Tony Dize
Karol G,Alexis y Fido
Karol G,J Balvin & Willy William
Karol G,Mon Laferte
Karol G,Maisak
Karol G,Tego Calderón
Karol G,Lali
Karol G,La Quinta Estación
Karol G,Mora
Myke Towers,JHAYCO
Myke Towers,Dei V
Myke Towers,Bryant Myers
Myke Towers,Mora
Myke Towers,Anuel AA
Myke Towers,Omar Courtz
Myke Towers,Luar La L
Myke Towers,Eladio Carrion
Myke Towers,Quevedo
Myke Towers,Sech
Myke Towers,Clarent
Myke Towers,Feid
Myke Towers,Rauw Alejandro
Myke Towers,Ozuna
Myke Towers,Yan Block
Myke Towers,Brytiago
Myke Towers,Noriel
Myke Towers,Jon Z
Myke Towers,Arcángel
Myke Towers,Miky Woodz
Myke Towers,Sky Rompiendo
Myke Towers,Hades66
Myke Towers,Justin Quiles
Myke Towers,Darell
Myke Towers,Alex Rose
Myke Towers,Bad Bunny
Myke Towers,Lunay
Myke Towers,Nio Garcia
Myke Towers,Ovy On The Drums
Myke Towers,Alejo
Myke Towers,Arcangel
Myke Towers,Lyanno
Myke Towers,J Balvin
Myke Towers,Brray
Myke Towers,Ñengo Flow
Myke Towers,Gigolo y La Exce
Myke Towers,DJ Luian
Myke Towers,Farruko
Myke Towers,Jowell & Randy
Myke Towers,Cris MJ
Myke Towers,Cosculluela
Myke Towers,Gonzy
Myke Towers,Chris Jedi
Myke Towers,Tainy
Myke Towers,Chencho Corleone
Myke Towers,Jhay Cortez
Myke Towers,Dalex
Myke Towers,De La Ghetto
Myke Towers,Ryan Castro
Myke Towers,Yandel
Myke Towers,Alvaro Diaz
Myke Towers,De La Rose
Myke Towers,Nicky Jam
Myke Towers,Ele A El Dominio
Myke Towers,Lenny Tavárez
Myke Towers,Lary Over
Myke Towers,Rvssian
Myke Towers,Wisin
Myke Towers,Kapo
Myke Towers,Trap Capos
Myke Towers,Ñejo
Myke Towers,Maluma
Myke Towers,J Alvarez
Myke Towers,Daddy Yankee
Myke Towers,Jory Boy
Myke Towers,Danny Ocean
Myke Towers,Tony Dize
Myke Towers,Kevin Roldan
Myke Towers,Kendo Kaponi
Myke Towers,Jamby El Favo
Myke Towers,Maisak
Myke Towers,Wisin & Yandel
Myke Towers,Pepe Quintana
Myke Towers,Zion & Lennox
Myke Towers,Khea
Myke Towers,Manuel Turizo
Myke Towers,Super Yei
Myke Towers,Don Omar
Myke Towers,Omar Montes
Myke Towers,Alexis y Fido
Myke Towers,El Alfa
Myke Towers,Tego Calderón
Myke Towers,Zion
Myke Towers,El Bogueto
Myke Towers,FloyyMenor
Myke Towers,Alleh
Myke Towers,Tiago PZK
Myke Towers,Baby Rasta y Gringo
Myke Towers,Natti Natasha
Myke Towers,J Balvin & Bad Bunny
Myke Towers,Piso 21
Myke Towers,Hanzel La H
Myke Towers,Young Miko
Myke Towers,Revol
Myke Towers,Raul Clyde
Myke Towers,Peso Pluma
Myke Towers,Alex Gargolas
Myke Towers,Luigi 21 Plus
Myke Towers,Alexis & Fido
Myke Towers,RaiNao
Quevedo,Myke Towers
Quevedo,JHAYCO
Quevedo,Gonzy
Quevedo,Omar Courtz
Quevedo,Feid
Quevedo,Sech
Quevedo,Rels B
Quevedo,Dei V
Quevedo,Alleh
Quevedo,Anuel AA
Quevedo,Ovy On The Drums
Quevedo,Sky Rompiendo
Quevedo,Omar Montes
Quevedo,Tiago PZK
Quevedo,Raul Clyde
Quevedo,Rauw Alejandro
Quevedo,Bryant Myers
Quevedo,De La Rose
Quevedo,Rvfv
Quevedo,Khea
Quevedo,Ozuna
Quevedo,Tainy
Quevedo,Bad Bunny
Quevedo,Danny Ocean
Quevedo,FMK
Quevedo,Yandel
Quevedo,Justin Quiles
Quevedo,J Balvin
Quevedo,Dalex
Quevedo,Manuel Turizo
Quevedo,Nio Garcia
Quevedo,Chris Jedi
Quevedo,Luar La L
Quevedo,"Bad Bunny, MORA"
Quevedo,Lunay
Quevedo,Rvssian
Quevedo,Ryan Castro
Quevedo,Brytiago
Quevedo,Nicky Jam
Quevedo,Maria Becerra
Quevedo,Bad Gyal
Quevedo,Piso 21
Quevedo,Daddy Yankee
Quevedo,Cris MJ
Quevedo,Kidd Voodoo
Quevedo,Wisin
Quevedo,Brray
Quevedo,Arcangel
Quevedo,FloyyMenor
Quevedo,Farruko
Quevedo,Maisak
Quevedo,Zion & Lennox
Quevedo,Cosculluela
Quevedo,Ñengo Flow
Quevedo,Jhay Cortez
Quevedo,Maikel Delacalle
Quevedo,"Bad Bunny, Feid"
Quevedo,Polimá Westcoast
Quevedo,Don Omar
Quevedo,Maluma
Quevedo,De La Ghetto
Quevedo,Easykid
Quevedo,Lenny Tavárez
Quevedo,Tony Dize
Quevedo,"Bad Bunny, Daddy Yankee"
Quevedo,Sebastián Yatra
Quevedo,Wisin & Yandel
Quevedo,J Balvin & Bad Bunny
Quevedo,Seven Kayne
Quevedo,Jowell & Randy
Quevedo,Alexis y Fido
Quevedo,Miky Woodz
Quevedo,El Bogueto
Quevedo,J Alvarez
Quevedo,Yng Lvcas
Quevedo,KAROL G
Quevedo,RaiNao
Quevedo,Vicco
Quevedo,Plan B
Quevedo,Jory Boy
Quevedo,Fuego
Quevedo,Zion
Quevedo,Tego Calderón
Quevedo,Ñejo
Quevedo,Yung Beef
Quevedo,El Alfa
Quevedo,Kevin Roldan
Quevedo,Baby Rasta y Gringo
Quevedo,Gigolo y La Exce
Quevedo,Calle 13
Quevedo,Jerry Di
Quevedo,Soto Asa
Quevedo,Peso Pluma
Quevedo,Chino & Nacho
Quevedo,"Tito ""El Bambino"""
Quevedo,Kaydy Cain
Quevedo,Natti Natasha
Quevedo,Wisin y Yandel
Quevedo,Don Miguelo
Quevedo,Mau y Ricky
Aitana,Belén Aguilera
Aitana,Ana Mena
Aitana,Lola Indigo
Aitana,Amaia
Aitana,Vicco
Aitana,Natalia Lacunza
Aitana,Rigoberta Bandini
Aitana,Guitarricadelafuente
Aitana,Chanel
Aitana,Samuraï
Aitana,Leire MArtinez
Aitana,Suzete
Aitana,chiara oliver
Aitana,Danna Paola
Aitana,Ana Guerra
Aitana,Emilia
Aitana,Melody
Aitana,Malú
Aitana,Luna Ki
Aitana,Mafalda Cardenal
Aitana,Edurne
Aitana,La Oreja de Van Gogh
Aitana,Alba Reche
Aitana,Mayo
Aitana,Daniela Blasco
Aitana,CHICA SOBRESALTO
Aitana,Amaral
Aitana,Judeline
Aitana,Melendi
Aitana,Pablo Alborán
Aitana,BAJOCERO X
Aitana,Nena Daconte
Aitana,Paul Thin
Aitana,zzoilo
Aitana,Nebulossa
Aitana,DeTeresa
Aitana,Abraham Mateo
Aitana,David Bisbal
Aitana,Manuel Carrasco
Aitana,Dani Martín
Aitana,Lali
Aitana,Nil Moliner
Aitana,El Canto del Loco
Aitana,Samantha Hudson
Aitana,pablopablo
Aitana,Dvicio
Aitana,La La Love You
Aitana,Belinda
Aitana,Sen Senra
Aitana,La Quinta Estación
Aitana,K!ngdom
Aitana,Paty Cantú
Aitana,Miki Núñez
Aitana,Zahara
Aitana,Rozalén
Aitana,Cali & El Dandee
Aitana,Sonia y Selena
Aitana,Mónica Naranjo
Aitana,Vanesa Martín
Aitana,Cami
Aitana,Estopa
Aitana,NATHY PELUSO
Aitana,Fangoria
Aitana,Becky G
Aitana,Pastora Soler
Aitana,Jesse & Joy
Aitana,Cariño
Aitana,Amaia Montero
Aitana,Álvaro De Luna
Aitana,iñigo quintero
Aitana,Rusowsky
Aitana,Lachispa
Aitana,HA-ASH
Aitana,ROSALÍA
Aitana,Pol Granch
Aitana,Arde Bogotá
Aitana,Chenoa
Aitana,Ruth Lorenzo
Aitana,La Bien Querida
Aitana,Pereza
Aitana,Maldita Nerea
Aitana,Marta Santos
Aitana,Miriam Rodríguez
Aitana,J Kbello
Aitana,El Sueño de Morfeo
Aitana,Antonio Orozco
Aitana,Pignoise
Aitana,Pablo López
Aitana,ROSALÍA & Rauw Alejandro
Aitana,Miss Caffeina
Aitana,La Casa Azul
Aitana,Ventino
Aitana,María José
Aitana,Yuridia
Aitana,Reik
Aitana,Antonio José
Aitana,Carla Frigo
Aitana,Fanny Lú
Aitana,Alex Ubago
Aitana,Despistaos
Rosalía,Judeline
Rosalía,Lorde
Rosalía,Robyn
Rosalía,Bad Gyal
Rosalía,NATHY PELUSO
Rosalía,Addison Rae
Rosalía,RAYE
Rosalía,Caroline Polachek
Rosalía,Lily Allen
Rosalía,Oklou
Rosalía,Natalia Lacunza
Rosalía,Amaia
Rosalía,Belén Aguilera
Rosalía,Zara Larsson
Rosalía,Madonna
Rosalía,Lana Del Rey
Rosalía,KAROL G
Rosalía,Aitana
Rosalía,Rusowsky
Rosalía,Shakira
Rosalía,Urias
Rosalía,Kate Bush
Rosalía,Weyes Blood
Rosalía,Estrella Morente
Rosalía,Agnes
Rosalía,Lady Gaga
Rosalía,Sevdaliza
Rosalía,Melanie Martinez
Rosalía,C. Tangana
Rosalía,Ariana Grande
Rosalía,Eartheater
Rosalía,Madison Beer
Rosalía,Miley Cyrus
Rosalía,Belinda
Rosalía,SMERZ
Rosalía,María José Llergo
Rosalía,Paloma Mami
Rosalía,Tove Lo
Rosalía,Anitta
Rosalía,Billie Eilish
Rosalía,Emilia
Rosalía,Naomi Scott
Rosalía,Kim Petras
Rosalía,Camila Cabello
Rosalía,Dua Lipa
Rosalía,ANOHNI
Rosalía,Danna Paola
Rosalía,Lola Young
Rosalía,Carly Rae Jepsen
Rosalía,Sílvia Pérez Cruz
Rosalía,Rigoberta Bandini
Rosalía,Kelsey Lu
Rosalía,Halsey
Rosalía,Marina Satti
Rosalía,Hilary Duff
Rosalía,Marina
Rosalía,Sabrina Carpenter
Rosalía,Britney Spears
Rosalía,Isa TKM
Rosalía,Belanova
Rosalía,Christina Aguilera
Rosalía,Willow
Rosalía,Ana Mena
Rosalía,Taylor Swift
Rosalía,Cecile Believe
Rosalía,Selena Gomez
Rosalía,Rebecca Black
Rosalía,Fergie
Rosalía,Julieta Venegas
Rosalía,The Pussycat Dolls
Rosalía,La Oreja de Van Gogh
Rosalía,Ke$ha
Rosalía,Lola Indigo
Rosalía,Kylie Minogue
Rosalía,cece natalie
Rosalía,Christine and the Queens
Rosalía,Sen Senra
Rosalía,Bebe Rexha
Rosalía,SPELLLING
Rosalía,Nelly Furtado
Rosalía,Katy Perry
Rosalía,Mecano
Rosalía,Zahara
Rosalía,Jessie J
Rosalía,Julia Holter
Rosalía,Gwen Stefani
Rosalía,Natalia Kills
Rosalía,Luna Ki
Rosalía,María Escarmiento
Rosalía,Becky G
Rosalía,Faouzia
Rosalía,Aurora
Rosalía,Paris Hilton
Rosalía,Elodie
Rosalía,Juicy BAE
Rosalía,Jerskin Fendrix
Rosalía,nusar3000
Rosalía,"ROSALÍA, Björk & Yves Tumor"
Rosalía,ROSALÍA & Rauw Alejandro
Rosalía,FKA twigs
Morad,Baby Gang
Morad,Rvfv
Morad,Capo Plaza
Morad,Sfera Ebbasta
Morad,Artie 5ive
Morad,Dellafuente
Morad,Geolier
Morad,Luchè
Morad,Jul
Morad,VillaBanks
Morad,Guè
Morad,NIGHT SKINNY
Morad,MamboLosco
Morad,Nahir
Morad,Lele Blade
Morad,Mister You
Morad,Benab
Morad,Moha La Squale
Morad,Ninho
Morad,Emis Killa
Morad,Rim'K
Morad,Alonzo
Morad,Landy
Morad,Marracash
Morad,DeLaOssa
Morad,Rels B
Morad,Hornet La Frappe
Morad,Central Cee
Morad,Vegas Jones
Morad,Rocco Hunt
Morad,Booba
Morad,Gradur
Morad,Slayter
Morad,Gemitaiz
Morad,AMO
Morad,Tiakola
Morad,Kalash Criminel
Morad,FERNANDOCOSTA
Morad,Shay
Morad,Kaaris
Morad,Dardan
Morad,Gims
Morad,D-Block Europe
Morad,saYf
Morad,C. Tangana
Morad,GLK
Morad,Russ Millions
Morad,Nemzzz
Morad,La Fouine
Morad,Nimo
Morad,Massimo Pericolo
Morad,Coez
Morad,M Huncho
Morad,6ix9ine
Morad,Blanco
Morad,Damso
Morad,Club Dogo
Morad,Freeze Corleone
Morad,Josman
Morad,Salmo
Morad,Lil Tjay
Morad,Pyrex
Morad,Fabri Fibra
Morad,Knucks
Morad,Skinny Flex
Morad,Nekfeu
Morad,Laylow
Morad,Dave
Morad,Lesram
Morad,tha Supreme
Morad,Sofiane
Morad,Dinos
Morad,Jazzy Bazz
Morad,Mac Tyer
Morad,Vald
Morad,Sexion d'Assaut
Morad,Bresh
Morad,Hoke
Morad,Nayt
Morad,Osirus Jack
Morad,Tion Wayne
Morad,Rohff
Morad,doums
Morad,Bu$hi
Morad,Ufo361
Morad,Miami Yacine
Morad,Mero
Morad,Lil Baby
Morad,French Montana
Morad,Alemán
Morad,Rkomi
Morad,SFDK
Morad,Tyga
Morad,RAF Camora
Morad,Kidwild
Morad,Aitch
Morad,kpoint
Morad,WizTheMc
Morad,Lijpe
Morad,Canserbero
Melendi,Estopa
Melendi,El Canto del Loco
Melendi,Maldita Nerea
Melendi,Pereza
Melendi,El Arrebato
Melendi,Pignoise
Melendi,Dani Martín
Melendi,Nena Daconte
Melendi,Amaral
Melendi,Antonio Orozco
Melendi,Café Quijano
Melendi,Manuel Carrasco
Melendi,Los Delinqüentes
Melendi,Andy & Lucas
Melendi,El Sueño de Morfeo
Melendi,David Bisbal
Melendi,M-Clan
Melendi,Despistaos
Melendi,La Oreja de Van Gogh
Melendi,Malú
Melendi,Fondo Flamenco
Melendi,Fito & Fitipaldis
Melendi,Pablo Alborán
Melendi,La La Love You
Melendi,El Barrio
Melendi,Jarabe de Palo
Melendi,Seguridad Social
Melendi,Manolo García
Melendi,La Quinta Estación
Melendi,Aitana
Melendi,Sergio Dalma
Melendi,Dvicio
Melendi,Ricardo Arjona
Melendi,Joaquín Sabina
Melendi,taburete
Melendi,La Guardia
Melendi,Ana Mena
Melendi,Alex Ubago
Melendi,Antonio Flores
Melendi,Lola Indigo
Melendi,Camela
Melendi,Sidecars
Melendi,Loquillo
Melendi,Coti
Melendi,Cali & El Dandee
Melendi,Los Secretos
Melendi,Rozalén
Melendi,Bacilos
Melendi,Alejandro Sanz
Melendi,Nino Bravo
Melendi,Hombres G
Melendi,Samuraï
Melendi,Vicco
Melendi,Vanesa Martín
Melendi,Chayanne
Melendi,Marta Santos
Melendi,Los Chichos
Melendi,La Casa Azul
Melendi,Amaia Montero
Melendi,Rosario
Melendi,Macaco
Melendi,Juanes
Melendi,Amaia
Melendi,Supersubmarina
Melendi,Vetusta Morla
Melendi,Huecco
Melendi,Reik
Melendi,Dover
Melendi,Jesse & Joy
Melendi,Maná
Melendi,Chenoa
Melendi,Duncan Dhu
Melendi,Rosana
Melendi,Siloé
Melendi,Abraham Mateo
Melendi,Camila
Melendi,Rigoberta Bandini
Melendi,Carlos Rivera
Melendi,Ella Baila Sola
Melendi,Antonio José
Melendi,iñigo quintero
Melendi,Ha*Ash
Melendi,Franco De Vita
Melendi,Radio Futura
Melendi,Ana Belén
Melendi,Las Grecas
Melendi,Alaska y Dinarama
Melendi,Pastora Soler
Melendi,Lori Meyers
Melendi,Sin Bandera
Melendi,Luis Fonsi
Melendi,Zahara
Melendi,Recycled J
Melendi,Love of Lesbian
Melendi,Mecano
Melendi,Bebe
Melendi,Mónica Naranjo
Melendi,Reyli Barba
Melendi,Los Chunguitos
Enrique Iglesias,Ricky Martin
Enrique Iglesias,Chayanne
Enrique Iglesias,Luis Fonsi
Enrique Iglesias,Alejandro Sanz
Enrique Iglesias,Franco De Vita
Enrique Iglesias,Cristian Castro
Enrique Iglesias,Paulina Rubio
Enrique Iglesias,Sin Bandera
Enrique Iglesias,Reik
Enrique Iglesias,Nicky Jam
Enrique Iglesias,Wisin
Enrique Iglesias,Camila
Enrique Iglesias,Thalía
Enrique Iglesias,Alejandro Fernández
Enrique Iglesias,Akcent
Enrique Iglesias,Shakira
Enrique Iglesias,David Bisbal
Enrique Iglesias,Alvaro Soler
Enrique Iglesias,Ricardo Arjona
Enrique Iglesias,Juanes
Enrique Iglesias,Ricardo Montaner
Enrique Iglesias,Julio Iglesias
Enrique Iglesias,Fey
Enrique Iglesias,Kabah
Enrique Iglesias,Carlos Baute
Enrique Iglesias,Alex Ubago
Enrique Iglesias,Marc Anthony
Enrique Iglesias,Gloria Estefan
Enrique Iglesias,Marco Antonio Solís
Enrique Iglesias,Aleks Syntek
Enrique Iglesias,La Quinta Estación
Enrique Iglesias,Maná
Enrique Iglesias,Belinda
Enrique Iglesias,Maluma
Enrique Iglesias,Jennifer Lopez
Enrique Iglesias,Pitbull
Enrique Iglesias,Carlos Vives
Enrique Iglesias,Carlos Rivera
Enrique Iglesias,Alejandra Guzmán
Enrique Iglesias,Pablo Alborán
Enrique Iglesias,Jesse & Joy
Enrique Iglesias,Taio Cruz
Enrique Iglesias,Reyli Barba
Enrique Iglesias,Diego Torres
Enrique Iglesias,Laura Pausini
Enrique Iglesias,Piso 21
Enrique Iglesias,Ronan Keating
Enrique Iglesias,Maroon 5
Enrique Iglesias,Shayne Ward
Enrique Iglesias,CNCO
Enrique Iglesias,Miguel Bosé
Enrique Iglesias,Bacilos
Enrique Iglesias,Romeo Santos
Enrique Iglesias,Marisela
Enrique Iglesias,J Balvin
Enrique Iglesias,Ana Gabriel
Enrique Iglesias,Bronco
Enrique Iglesias,Río Roma
Enrique Iglesias,Gloria Trevi
Enrique Iglesias,La Oreja de Van Gogh
Enrique Iglesias,OV7
Enrique Iglesias,Aventura
Enrique Iglesias,Blue
Enrique Iglesias,The Wanted
Enrique Iglesias,Jon Secada
Enrique Iglesias,Arash
Enrique Iglesias,Jason Derülo
Enrique Iglesias,Inna
Enrique Iglesias,Daddy Yankee
Enrique Iglesias,Paty Cantú
Enrique Iglesias,Mijares
Enrique Iglesias,Luis Miguel
Enrique Iglesias,María José
Enrique Iglesias,Westlife
Enrique Iglesias,Eros Ramazzotti
Enrique Iglesias,Emmanuel
Enrique Iglesias,Juan Magán
Enrique Iglesias,Juan Gabriel
Enrique Iglesias,Yuridia
Enrique Iglesias,Chino & Nacho
Enrique Iglesias,James Blunt
Enrique Iglesias,David Guetta
Enrique Iglesias,Mónica Naranjo
Enrique Iglesias,Onda Vaselina
Enrique Iglesias,Camilo
Enrique Iglesias,Las Ketchup
Enrique Iglesias,Fanny Lú
Enrique Iglesias,Backstreet Boys
Enrique Iglesias,Nicole Scherzinger
Enrique Iglesias,Rocío Dúrcal
Enrique Iglesias,Adam Lambert
Enrique Iglesias,HA-ASH
Enrique Iglesias,Don Omar
Enrique Iglesias,Kalimba
Enrique Iglesias,Playa Limbo
Enrique Iglesias,Julieta Venegas
Enrique Iglesias,Wisin & Yandel
Enrique Iglesias,Sofia Reyes
Enrique Iglesias,José Luis Perales
Enrique Iglesias,*NSYNC
Juanes,Bacilos
Juanes,Carlos Vives
Juanes,Maná
Juanes,Chayanne
Juanes,Cabas
Juanes,La Quinta Estación
Juanes,Ricardo Arjona
Juanes,Fonseca
Juanes,Franco De Vita
Juanes,Reik
Juanes,Jarabe de Palo
Juanes,Sin Bandera
Juanes,Camila
Juanes,Alejandro Sanz
Juanes,Alex Ubago
Juanes,Fanny Lú
Juanes,Elefante
Juanes,Diego Torres
Juanes,Julieta Venegas
Juanes,Aleks Syntek
Juanes,Cristian Castro
Juanes,Jesse & Joy
Juanes,Andrés Cepeda
Juanes,La Oreja de Van Gogh
Juanes,Marc Anthony
Juanes,Carlos Baute
Juanes,David Bisbal
Juanes,Pablo Alborán
Juanes,Alejandro Fernández
Juanes,Ricky Martin
Juanes,Ricardo Montaner
Juanes,Paulina Rubio
Juanes,Ekhymosis
Juanes,Hombres G
Juanes,Miguel Bosé
Juanes,Luis Fonsi
Juanes,Kudai
Juanes,Camilo
Juanes,Shakira
Juanes,Reyli Barba
Juanes,Morat
Juanes,Mana
Juanes,Marco Antonio Solís
Juanes,Grupo Niche
Juanes,Juan Luis Guerra
Juanes,Coti
Juanes,José Luis Perales
Juanes,Don Omar
Juanes,Piso 21
Juanes,Esteman
Juanes,Thalía
Juanes,Aterciopelados
Juanes,Los Fabulosos Cadillacs
Juanes,Maluma
Juanes,Calle 13
Juanes,Santiago Cruz
Juanes,Enrique Iglesias
Juanes,Daddy Yankee
Juanes,Jerry Rivera
Juanes,Kalimba
Juanes,Alejandra Guzmán
Juanes,Axel
Juanes,J Balvin
Juanes,Rosana
Juanes,Chichi Peralta
Juanes,Emmanuel
Juanes,Gilberto Santa Rosa
Juanes,Luis Miguel
Juanes,Paty Cantú
Juanes,Aventura
Juanes,Camilo Sesto
Juanes,Manuel Medrano
Juanes,Lu
Juanes,Proyecto Uno
Juanes,Guayacán Orquesta
Juanes,Melendi
Juanes,Joe Arroyo
Juanes,Juan Gabriel
Juanes,Andy & Lucas
Juanes,Rocío Dúrcal
Juanes,Moenia
Juanes,Elvis Crespo
Juanes,HA-ASH
Juanes,Ana Gabriel
Juanes,Duncan Dhu
Juanes,OV7
Juanes,Kabah
Juanes,La Unión
Juanes,Motel
Juanes,Kany García
Juanes,Myriam Hernández
Juanes,Belinda
Juanes,Wisin & Yandel
Juanes,Mike Bahía
Juanes,Ha*Ash
Juanes,Son By Four
Juanes,Chino & Nacho
Juanes,Sebastián Yatra
Juanes,Playa Limbo
Juanes,Tony Dize
Duki,Ysy A
Duki,Khea
Duki,LIT killah
Duki,Neo Pistea
Duki,Bhavi
Duki,Paulo Londra
Duki,Bizarrap
Duki,Zell
Duki,Seven Kayne
Duki,Kidd Keo
Duki,Homer El Mero Mero
Duki,Eladio Carrion
Duki,Franky Style
Duki,Mora
Duki,Oney1
Duki,FMK
Duki,Cosmic Kid
Duki,Dillom
Duki,Saramalacara
Duki,Frozouda
Duki,Pablo Chill-E
Duki,Anuel AA
Duki,Cruz Cafuné
Duki,Cazzu
Duki,Lara91k
Duki,Bryant Myers
Duki,Yung Beef
Duki,Young Cister
Duki,Ecko
Duki,Sticky M.A.
Duki,Jon Z
Duki,MECHAYRXMEO
Duki,Clarent
Duki,DrefQuila
Duki,Brytiago
Duki,Nsqk
Duki,Doly Flackko
Duki,Bad Bunny
Duki,"Bad Bunny, Duki, Pablo Chill-E"
Duki,Orslok
Duki,ill quentin
Duki,Hades66
Duki,"Bad Bunny, MORA"
Duki,Young Miko
Duki,Kaydy Cain
Duki,Trap Capos
Duki,Baby J & Young Weapon
Duki,Abhir
Duki,Beny Jr
Duki,Rvssian
Duki,Los Del Fuego
Duki,Ca7riel & Paco Amoroso
Duki,enzocerobulto
Duki,DJ Luian
Duki,Slayter
Duki,Nio Garcia
Duki,Julianno Sosa
Duki,ROBLEIS
Duki,PXXR GVNG
Duki,"Bad Bunny, Daddy Yankee"
Duki,El Zar
Duki,Kinder Malo
Duki,Sky Rompiendo
Duki,Jhay Cortez
Duki,Los Wachiturros
Duki,Pimp Flaco
Duki,Jombriel
Duki,"Bad Bunny, Jowell & Randy, Ñengo Flow"
Duki,Polus
Duki,Hanzel La H
Duki,Trueno
Duki,Jamby El Favo
Duki,Bejo
Duki,Lucho SSJ
Duki,Asan
Duki,Bon Calso
Duki,Mesita
Duki,Tiago PZK
Duki,Bardero$
Duki,Milo j
Duki,Wos
Duki,Ramma
Duki,Cro
Duki,Quevedo
Duki,Nicki Nicole
Duki,Pekeño 77
Duki,Dani Ribba
Duki,Rusherking
Duki,"Duki, Khea"
Duki,ORO600
Duki,Saiko
Duki,Ronpe 99
Duki,Acru
Duki,Rei
Duki,JHAYCO
Duki,turrobaby
Duki,Myke Towers
Duki,Fazzini
Duki,"Duki, C.R.O"
Duki,"Bizarrap, Milo j"
María Becerra,Maria Becerra
María Becerra,Natti Natasha
María Becerra,Sofía Reyes
María Becerra,Myke Towers
María Becerra,Cazzu
María Becerra,Bad Gyal
María Becerra,Young Miko
María Becerra,Quevedo
María Becerra,Paloma Mami
María Becerra,Duki
María Becerra,Justin Quiles
María Becerra,Nicky Jam
María Becerra,Zion y Lennox
María Becerra,Quix
María Becerra,Ozuna
María Becerra,Piso 21
María Becerra,J Alvarez
María Becerra,Yandel
María Becerra,Daddy Yankee
María Becerra,Manuel Turizo
María Becerra,Jacob Forever
María Becerra,Lunay
María Becerra,Héctor El Father
María Becerra,J Balvin
María Becerra,Wisin & Yandel
María Becerra,Alexis & Fido
María Becerra,El Chacal
María Becerra,Tony Dize
María Becerra,KAROL G
María Becerra,La Cruz
María Becerra,Don Omar
María Becerra,Lele Pons
María Becerra,Tego Calderón
María Becerra,Divan
María Becerra,Maluma
María Becerra,Lenier
María Becerra,Tony Tun Tun
María Becerra,Gente de Zona
María Becerra,Alizzz
María Becerra,"Adam F, ID, Baby Keem, Fred again.., Chase & Status & Bou"
María Becerra,Kathyan
María Becerra,TINI & María Becerra
María Becerra,Casxio & Skrillex
María Becerra,María Becerra & Becky G
María Becerra,Lola Indigo & Manuel Turizo
María Becerra,"Makoto Tomozawa, Shusaku Uchiyama & Misao Senbongi"
María Becerra,"ID, John Summit, VLTRA (IT), Headie One & Megan Thee Stallion"
María Becerra,"Julio Navas, Gustavo Bravetti, David Amo & Tony Romera"
María Becerra,Álvaro Soler
María Becerra,Wiwek feat. MX2
María Becerra,J Balvin & María Becerra
María Becerra,"Four Tet, Skrillex, Fred again.. & Jauz"
María Becerra,David Bisbal
María Becerra,Aritz Arén
María Becerra,Lola Indigo
María Becerra,"NGHTMRE, Jon Casey"
María Becerra,Skrillex feat. Beam
María Becerra,Cazzu & María Becerra
María Becerra,Deppz & NuBass
María Becerra,Khea
María Becerra,FMK
María Becerra,Zion & Lennox & María Becerra
María Becerra,Tiago PZK
María Becerra,Olga Tañón
María Becerra,Aitana
María Becerra,Lorena Gómez
María Becerra,Sonny Fodera & Kolidescopes feat. Sinéad Harnett
María Becerra,System Of A Down & NGHTMRE
María Becerra,María del Tango
María Becerra,Joana Santos
María Becerra,Emilia & Duki
María Becerra,Vicco
María Becerra,Ana Mena
María Becerra,Nicki Nicole
María Becerra,La Yan
María Becerra,Sonny Fodera & Punctual feat. Rug Wilson
María Becerra,"Anuel AA feat. Kendo Kaponi, Yandel & Ñengo Flow"
María Becerra,Pájara
María Becerra,Anuel AA feat. Lil Wayne
María Becerra,Anuel AA feat. Karol G
María Becerra,"Anuel AA feat. Karol G, Daddy Yankee, Ozuna & J Balvin"
María Becerra,"Anuel AA, Travis Barker"
María Becerra,Anuel AA feat. Mariah
María Becerra,Anuel AA feat. Tego Calderón
María Becerra,Duran The Coach
María Becerra,Anuel AA feat. Enrique Iglesias
María Becerra,"Anuel AA, Farruko, Zion"
María Becerra,Averzzo
María Becerra,Lucifer Stifler
María Becerra,Sou El Flotador
María Becerra,Yusmer Stifler
María Becerra,Ozzorio
María Becerra,Anuel AA feat. Bad Bunny
María Becerra,Ricky Quiñones
María Becerra,KingGold999
María Becerra,KEVVO
María Becerra,"Emilia, Martina Stoessel, Nicki Nicole"
María Becerra,Rvssian
María Becerra,Anuel AA
María Becerra,La Favi
Tini Stoessel,"Rusherking, Maria Becerra"
Tini Stoessel,Laid Back Avenue
Tini Stoessel,La Konga
Tini Stoessel,Emilia & Duki
Tini Stoessel,Axwell Ʌ Ingrosso
Tini Stoessel,Ruggero Pasquarelli
Tini Stoessel,Soy Luna
Tini Stoessel,"MYA, TINI & DUKI"
Tini Stoessel,Chillout Lounge Summertime Café
Tini Stoessel,Violetta
Tini Stoessel,"Tiago PZK, LIT killah, Maria Becerra, Nicki Nicole"
Tini Stoessel,Bibi & Tina
Tini Stoessel,KC Rebell & Summer Cem
Tini Stoessel,Henning Wehland
Nicki Nicole,Maria Becerra
Nicki Nicole,Cazzu
Nicki Nicole,Emilia
Nicki Nicole,Wos
Nicki Nicole,Paulo Londra
Nicki Nicole,Dani Ribba
Nicki Nicole,Bizarrap
Nicki Nicole,Luck Ra
Nicki Nicole,Rusherking
Nicki Nicole,Lali
Nicki Nicole,La Joaqui
Nicki Nicole,Tini
Nicki Nicole,Yami Safdie
Nicki Nicole,Seven Kayne
Nicki Nicole,K4oS
Nicki Nicole,NATHY PELUSO
Nicki Nicole,Zoe Gotusso
Nicki Nicole,Babi
Nicki Nicole,Tan Bionica
Nicki Nicole,Conociendo Rusia
Nicki Nicole,Louta
Nicki Nicole,Elena Rose
Nicki Nicole,Lara91k
Nicki Nicole,Karina
Nicki Nicole,Angela Torres
Nicki Nicole,Emanero
Nicki Nicole,Miranda!
Nicki Nicole,Cosmic Kid
Nicki Nicole,Silvestre y La Naranja
Nicki Nicole,Camilo
Nicki Nicole,Ciro y Los Persas
Nicki Nicole,Lucho SSJ
Nicki Nicole,La T y la M
Nicki Nicole,Viejas Locas
Nicki Nicole,El Zar
Nicki Nicole,El Kuelgue
Nicki Nicole,Babasónicos
Nicki Nicole,Paco Amoroso
Nicki Nicole,Abel Pintos
Nicki Nicole,Tan Biónica
Nicki Nicole,Floricienta
Nicki Nicole,Bandalos Chinos
Nicki Nicole,Gilda
Nicki Nicole,Ronpe 99
Nicki Nicole,Usted Señalemelo
Nicki Nicole,ODD MAMI
Nicki Nicole,Oney1
Nicki Nicole,Andrés Calamaro
Nicki Nicole,Abraham Mateo
Nicki Nicole,La K'onga
Nicki Nicole,Chita
Nicki Nicole,Patricio Rey y sus Redonditos de Ricota
Nicki Nicole,Humbe
Nicki Nicole,Daniela Spalla
Nicki Nicole,NENE MALO
Nicki Nicole,Árbol
Nicki Nicole,Los Del Fuego
Nicki Nicole,Ulises Bueno
Nicki Nicole,Sen Senra
Nicki Nicole,Bruses
Nicki Nicole,Chano
Nicki Nicole,La Mosca Tsé-Tsé
Nicki Nicole,Emmanuel Horvilleur
Nicki Nicole,Salastkbron
Nicki Nicole,La Franela
Nicki Nicole,Los Cafres
Nicki Nicole,Angela Leiva
Nicki Nicole,Amanda Miguel
Nicki Nicole,Los Abuelos de la Nada
Nicki Nicole,Perras on the Beach
Nicki Nicole,Mercedes Sosa
Nicki Nicole,Ca7riel & Paco Amoroso
Nicki Nicole,Axel Fiks
Nicki Nicole,Franky Style
Nicki Nicole,Vicentico
Nicki Nicole,Gauchito Club
Nicki Nicole,Rusowsky
Nicki Nicole,Axel
Nicki Nicole,Teen Angels
Nicki Nicole,Six Sex
Nicki Nicole,Bandana
Nicki Nicole,Tuli
Nicki Nicole,ORO600
Nicki Nicole,Samuraï
Nicki Nicole,Koino Yokan
Nicki Nicole,Las Ligas Menores
Nicki Nicole,Sandro
Nicki Nicole,Amaia
Nicki Nicole,Diego Torres
Nicki Nicole,Muerejoven
Nicki Nicole,La Beriso
Nicki Nicole,Blair
Nicki Nicole,La Delio Valdez
Nicki Nicole,Juana Rozas
Nicki Nicole,Mýa
Nicki Nicole,TOO YUGAN
Nicki Nicole,Jambao
Nicki Nicole,Rayos Láser
Nicki Nicole,Trueno
Cazzu,Maria Becerra
Cazzu,Nicki Nicole
Cazzu,Lali
Cazzu,La Joaqui
Cazzu,Emilia
Cazzu,Angela Torres
Cazzu,FMK
Cazzu,Tiago PZK
Cazzu,Khea
Cazzu,Duki
Cazzu,Tini
Cazzu,Karina
Cazzu,LIT killah
Cazzu,Paloma Mami
Cazzu,Danna Paola
Cazzu,Paulo Londra
Cazzu,K4oS
Cazzu,Young Miko
Cazzu,NATHY PELUSO
Cazzu,Trueno
Cazzu,KAROL G
Cazzu,Yeri MUA
Cazzu,Bizarrap
Cazzu,Miranda!
Cazzu,Floricienta
Cazzu,Kenia Os
Cazzu,Ha*Ash
Cazzu,Becky G
Cazzu,Dillom
Cazzu,Elena Rose
Cazzu,Belinda
Cazzu,Camilo
Cazzu,Rels B
Cazzu,Natti Natasha
Cazzu,Plan B
Cazzu,Maluma
Cazzu,Bhavi
Cazzu,Yuridia
Cazzu,Danny Ocean
Cazzu,Tokischa
Cazzu,Babi
Cazzu,Gloria Trevi
Cazzu,Piso 21
Cazzu,Daddy Yankee
Cazzu,Don Omar
Cazzu,Ana Mena
Cazzu,Neo Pistea
Cazzu,Mariah Angeliq
Cazzu,Princesa Alba
Cazzu,Rvssian
Cazzu,Sofía Reyes
Cazzu,De La Rose
Cazzu,Humbe
Cazzu,Manuel Turizo
Cazzu,Mau y Ricky
Cazzu,J Balvin
Cazzu,Micro TDH
Cazzu,Pablo Alborán
Cazzu,La Zowi
Cazzu,Dalex
Cazzu,Abraham Mateo
Cazzu,Omar Courtz
Cazzu,Kudai
Cazzu,Bad Bunny
Cazzu,Alexis y Fido
Cazzu,Chita
Cazzu,Bruses
Cazzu,Wisin
Cazzu,C. Tangana
Cazzu,Kidd Keo
Cazzu,Anuel AA
Cazzu,Nicky Jam
Cazzu,Latin mafia
Cazzu,Canserbero
Cazzu,Ñengo Flow
Cazzu,La Oreja de Van Gogh
Cazzu,CNCO
Cazzu,Shakira
Cazzu,Río Roma
Cazzu,Chino & Nacho
Cazzu,Silvestre y La Naranja
Cazzu,Eladio Carrion
Cazzu,Young Cister
Cazzu,Myke Towers
Cazzu,Nio Garcia
Cazzu,Bryant Myers
Cazzu,Trap Capos
Cazzu,Calle 13
Cazzu,Ca7riel & Paco Amoroso
Cazzu,Cosculluela
Cazzu,Ninel Conde
Cazzu,Cali & El Dandee
Cazzu,Brytiago
Cazzu,Alejandra Guzmán
Cazzu,Gera MX
Cazzu,Jon Z
Cazzu,"Bad Bunny, Jowell & Randy, Ñengo Flow"
Cazzu,Luis Fonsi
Cazzu,Bandana
Cazzu,Cris MJ
Lali,Angela Torres
Lali,Maria Becerra
Lali,Miranda!
Lali,Cazzu
Lali,Floricienta
Lali,Emilia
Lali,Tini
Lali,K4oS
Lali,Teen Angels
Lali,Bandana
Lali,La Joaqui
Lali,Zoe Gotusso
Lali,Tan Bionica
Lali,Conociendo Rusia
Lali,Nicki Nicole
Lali,Juana Rozas
Lali,NATHY PELUSO
Lali,Chita
Lali,Wos
Lali,Fabiana Cantilo
Lali,Chano
Lali,Louta
Lali,Abel Pintos
Lali,Ciro y Los Persas
Lali,Aitana
Lali,Danna Paola
Lali,Belinda
Lali,Erreway
Lali,Lola Indigo
Lali,Gilda
Lali,Babasónicos
Lali,Six Sex
Lali,fiah
Lali,El Zar
Lali,Silvestre y La Naranja
Lali,Angela Leiva
Lali,Dulce María
Lali,Anahí
Lali,Bandalos Chinos
Lali,Intoxicados
Lali,Tan Biónica
Lali,David Bisbal
Lali,Martina Stoessel
Lali,Viejas Locas
Lali,ODD MAMI
Lali,Marcela Morelo
Lali,Thalía
Lali,El Kuelgue
Lali,Axel
Lali,Ana Mena
Lali,Tiago PZK
Lali,Emmanuel Horvilleur
Lali,Patricio Rey y sus Redonditos de Ricota
Lali,Paco Amoroso
Lali,Diego Torres
Lali,Paty Cantú
Lali,Árbol
Lali,Mercedes Sosa
Lali,Sandro
Lali,Fito Páez
Lali,Yami Safdie
Lali,Luck Ra
Lali,Bersuit Vergarabat
Lali,Soledad
Lali,Jesse & Joy
Lali,Shakira
Lali,Chayanne
Lali,Usted Señalemelo
Lali,Wanessa
Lali,Los Palmeras
Lali,Los Abuelos de la Nada
Lali,Chiquititas
Lali,Sofía Reyes
Lali,Selena Gomez & the Scene
Lali,Paulina Rubio
Lali,Kenia Os
Lali,Andrés Calamaro
Lali,Pablo Alborán
Lali,Ricky Martin
Lali,Cristian Castro
Lali,Amanda Miguel
Lali,Ca7riel & Paco Amoroso
Lali,Selena Gomez
Lali,Lindsay Lohan
Lali,Bizarrap
Lali,Paulo Londra
Lali,Natalia Oreiro
Lali,Belén Aguilera
Lali,RBD
Lali,Abraham Mateo
Lali,Rigoberta Bandini
Lali,Gauchito Club
Lali,Jorge Blanco
Lali,Gloria Trevi
Lali,KAROL G
Lali,La Quinta Estación
Lali,Leo Mattioli
Lali,Lara91k
Lali,Camilo
Paulo Londra,LIT killah
Paulo Londra,Duki
Paulo Londra,Trueno
Paulo Londra,Khea
Paulo Londra,Wos
Paulo Londra,Bizarrap
Paulo Londra,Milo j
Paulo Londra,Tiago PZK
Paulo Londra,Nicki Nicole
Paulo Londra,Bhavi
Paulo Londra,Seven Kayne
Paulo Londra,Ysy A
Paulo Londra,Dani Ribba
Paulo Londra,Rusherking
Paulo Londra,FMK
Paulo Londra,Eladio Carrion
Paulo Londra,Oscu
Paulo Londra,Luck Ra
Paulo Londra,Neo Pistea
Paulo Londra,Maria Becerra
Paulo Londra,Kidd Keo
Paulo Londra,Cazzu
Paulo Londra,Lucho SSJ
Paulo Londra,Young Cister
Paulo Londra,Cosmic Kid
Paulo Londra,Nsqk
Paulo Londra,Anuel AA
Paulo Londra,Ciro y Los Persas
Paulo Londra,Jon Z
Paulo Londra,Yami Safdie
Paulo Londra,Tan Bionica
Paulo Londra,Bad Bunny
Paulo Londra,ROBLEIS
Paulo Londra,Dillom
Paulo Londra,Oney1
Paulo Londra,Vilma Palma E Vampiros
Paulo Londra,DrefQuila
Paulo Londra,Homer El Mero Mero
Paulo Londra,Callejeros
Paulo Londra,NENE MALO
Paulo Londra,"Bad Bunny, MORA"
Paulo Londra,Louta
Paulo Londra,Franky Style
Paulo Londra,Intoxicados
Paulo Londra,Trap Capos
Paulo Londra,Saramalacara
Paulo Londra,Los Auténticos Decadentes
Paulo Londra,La Mosca Tsé-Tsé
Paulo Londra,La Joaqui
Paulo Londra,Viejas Locas
Paulo Londra,Los Cafres
Paulo Londra,La T y la M
Paulo Londra,Tini
Paulo Londra,Zell
Paulo Londra,"Bad Bunny, Daddy Yankee"
Paulo Londra,Andrés Calamaro
Paulo Londra,Ráfaga
Paulo Londra,Lali
Paulo Londra,Jombriel
Paulo Londra,Vicentico
Paulo Londra,Los Palmeras
Paulo Londra,Turf
Paulo Londra,Bersuit Vergarabat
Paulo Londra,Miranda!
Paulo Londra,Los Del Fuego
Paulo Londra,Los Abuelos de la Nada
Paulo Londra,Los Piojos
Paulo Londra,Ulises Bueno
Paulo Londra,Ecko
Paulo Londra,Ronpe 99
Paulo Londra,Los Tipitos
Paulo Londra,Estelares
Paulo Londra,La Beriso
Paulo Londra,Clarent
Paulo Londra,Leo Mattioli
Paulo Londra,Pekeño 77
Paulo Londra,Gilda
Paulo Londra,Emanero
Paulo Londra,Las Pastillas Del Abuelo
Paulo Londra,ORO600
Paulo Londra,La Renga
Paulo Londra,Abel Pintos
Paulo Londra,Las Pelotas
Paulo Londra,Nestor En Bloque
Paulo Londra,Paco Amoroso
Paulo Londra,Leo Dan
Paulo Londra,Ca7riel & Paco Amoroso
Paulo Londra,Conociendo Rusia
Paulo Londra,Amanda Miguel
Paulo Londra,Tan Biónica
Paulo Londra,Gustavo Cerati
Paulo Londra,Frozouda
Paulo Londra,La K'onga
Paulo Londra,Salastkbron
Paulo Londra,Los Pericos
Paulo Londra,Babasónicos
Paulo Londra,Soda Stereo
Paulo Londra,La Franela
Paulo Londra,Attaque 77
Paulo Londra,Perras on the Beach
Shakira,Paulina Rubio
Shakira,Belinda
Shakira,Thalía
Shakira,KAROL G
Shakira,Julieta Venegas
Shakira,Fey
Shakira,Danna Paola
Shakira,Gloria Trevi
Shakira,Christina Aguilera
Shakira,La Quinta Estación
Shakira,Alejandro Sanz
Shakira,Anahí
Shakira,Alejandra Guzmán
Shakira,Jennifer Lopez
Shakira,La Oreja de Van Gogh
Shakira,Paty Cantú
Shakira,Juanes
Shakira,Fanny Lú
Shakira,Belanova
Shakira,Ricky Martin
Shakira,Nelly Furtado
Shakira,Laura Pausini
Shakira,Madonna
Shakira,Jesse & Joy
Shakira,Gloria Estefan
Shakira,Playa Limbo
Shakira,Enrique Iglesias
Shakira,María José
Shakira,Kylie Minogue
Shakira,Carlos Vives
Shakira,Britney Spears
Shakira,Selena Gomez
Shakira,P!nk
Shakira,Yuridia
Shakira,Kudai
Shakira,Selena
Shakira,Chayanne
Shakira,Gwen Stefani
Shakira,Mónica Naranjo
Shakira,RBD
Shakira,The Pussycat Dolls
Shakira,HA-ASH
Shakira,Fergie
Shakira,Mon Laferte
Shakira,Katy Perry
Shakira,Lu
Shakira,Camila
Shakira,Marisela
Shakira,Pablo Alborán
Shakira,Dua Lipa
Shakira,Mecano
Shakira,Hilary Duff
Shakira,Selena Gomez & the Scene
Shakira,Paris Hilton
Shakira,Rihanna
Shakira,Miguel Bosé
Shakira,Ivete Sangalo
Shakira,Miley Cyrus
Shakira,Rocío Dúrcal
Shakira,Maná
Shakira,Alanis Morissette
Shakira,Becky G
Shakira,Amanda Miguel
Shakira,Luis Fonsi
Shakira,Natalia Lafourcade
Shakira,Camilo
Shakira,Reik
Shakira,Ricardo Arjona
Shakira,Sin Bandera
Shakira,Aleks Syntek
Shakira,Cristian Castro
Shakira,Lindsay Lohan
Shakira,Kelly Clarkson
Shakira,NATHY PELUSO
Shakira,Daniela Romo
Shakira,Nicole Scherzinger
Shakira,Natti Natasha
Shakira,Spice Girls
Shakira,Shania Twain
Shakira,ROSALÍA
Shakira,Maluma
Shakira,Ashlee Simpson
Shakira,Céline Dion
Shakira,Anitta
Shakira,Alex Ubago
Shakira,Miranda!
Shakira,Ximena Sariñana
Shakira,Dulce María
Shakira,Cher
Shakira,Rosana
Shakira,Jessie J
Shakira,Franco De Vita
Shakira,Bebe Rexha
Shakira,Jessica Simpson
Shakira,Diego Torres
Shakira,Emilia
Shakira,Juan Gabriel
Shakira,Kabah
Shakira,Kenia Os
Shakira,Wanessa
Bizarrap,Duki
Bizarrap,Milo j
Bizarrap,LIT killah
Bizarrap,Khea
Bizarrap,Bhavi
Bizarrap,Paulo Londra
Bizarrap,Luck Ra
Bizarrap,Tiago PZK
Bizarrap,Trueno
Bizarrap,Seven Kayne
Bizarrap,Eladio Carrion
Bizarrap,Nicki Nicole
Bizarrap,FMK
Bizarrap,Rusherking
Bizarrap,Yami Safdie
Bizarrap,Neo Pistea
Bizarrap,Wos
Bizarrap,Anuel AA
Bizarrap,Lucho SSJ
Bizarrap,Kidd Keo
Bizarrap,Dani Ribba
Bizarrap,Jombriel
Bizarrap,C. Tangana
Bizarrap,Trap Capos
Bizarrap,Rels B
Bizarrap,Maria Becerra
Bizarrap,Bad Bunny
Bizarrap,La Joaqui
Bizarrap,Cazzu
Bizarrap,Young Cister
Bizarrap,Cosmic Kid
Bizarrap,Dillom
Bizarrap,Jon Z
Bizarrap,Rvfv
Bizarrap,Canserbero
Bizarrap,Clarent
Bizarrap,ORO600
Bizarrap,Young Miko
Bizarrap,Tokischa
Bizarrap,Ecko
Bizarrap,Homer El Mero Mero
Bizarrap,La T y la M
Bizarrap,Ca7riel & Paco Amoroso
Bizarrap,NENE MALO
Bizarrap,Louta
Bizarrap,Tan Bionica
Bizarrap,Yung Beef
Bizarrap,Paco Amoroso
Bizarrap,Emanero
Bizarrap,Nsqk
Bizarrap,Saramalacara
Bizarrap,Zell
Bizarrap,Viejas Locas
Bizarrap,Slayter
Bizarrap,Bersuit Vergarabat
Bizarrap,Ciro y Los Persas
Bizarrap,Tini
Bizarrap,Beny Jr
Bizarrap,Jhay Cortez
Bizarrap,Lali
Bizarrap,Salastkbron
Bizarrap,AGUSFORTNITE2008
Bizarrap,Oney1
Bizarrap,Callejero Fino
Bizarrap,Miranda!
Bizarrap,Julianno Sosa
Bizarrap,La Mosca Tsé-Tsé
Bizarrap,Ke Personajes
Bizarrap,Ptazeta
Bizarrap,Lara91k
Bizarrap,Ráfaga
Bizarrap,ROBLEIS
Bizarrap,DrefQuila
Bizarrap,Los Palmeras
Bizarrap,Franky Style
Bizarrap,Frozouda
Bizarrap,Los Del Fuego
Bizarrap,Gilda
Bizarrap,Miky Woodz
Bizarrap,Muerejoven
Bizarrap,Leo Mattioli
Bizarrap,Ronpe 99
Bizarrap,Leo Dan
Bizarrap,Amanda Miguel
Bizarrap,Sticky M.A.
Bizarrap,ill quentin
Bizarrap,Indio Solari
Bizarrap,MECHAYRXMEO
Bizarrap,Nestor En Bloque
Bizarrap,Patricio Rey y sus Redonditos de Ricota
Bizarrap,Bejo
Bizarrap,Los Wachiturros
Bizarrap,ODD MAMI
Bizarrap,Mercedes Sosa
Bizarrap,Babasónicos
Bizarrap,Axel
Bizarrap,Abel Pintos
Bizarrap,Ulises Bueno
Bizarrap,Metro Boomin
Bizarrap,Conociendo Rusia
Emilia,Maria Becerra
Emilia,Tini
Emilia,Nicki Nicole
Emilia,Lali
Emilia,Cazzu
Emilia,Aitana
Emilia,K4oS
Emilia,La Joaqui
Emilia,Danna Paola
Emilia,Angela Torres
Emilia,NATHY PELUSO
Emilia,KAROL G
Emilia,Kenia Os
Emilia,Paloma Mami
Emilia,Becky G
Emilia,Floricienta
Emilia,Sofía Reyes
Emilia,Anitta
Emilia,Belén Aguilera
Emilia,Miranda!
Emilia,Natti Natasha
Emilia,Karina
Emilia,Abraham Mateo
Emilia,Amaia
Emilia,Chanel
Emilia,Ela Taubert
Emilia,Lexa
Emilia,Priscilla
Emilia,Zara Larsson
Emilia,CNCO
Emilia,Ashley Tisdale
Emilia,Belinda
Emilia,Selena Gomez
Emilia,Vicco
Emilia,Shakira
Emilia,Camila Cabello
Emilia,Mariah Angeliq
Emilia,Melody
Emilia,Christina Aguilera
Emilia,Luna Ki
Emilia,Thiago Pantaleão
Emilia,Little Mix
Emilia,Tate McRae
Emilia,Ava Max
Emilia,Fifth Harmony
Emilia,Mabel
Emilia,Camilo
Emilia,Tove Lo
Emilia,Bebe Rexha
Emilia,IZA
Emilia,Alice Chater
Emilia,Sofia Carson
Emilia,Tyla
Emilia,CHAMELEO
Emilia,Kylie Cantrall
Emilia,Katy Perry
Emilia,Addison Rae
Emilia,Normani
Emilia,Agnes
Emilia,Dove Cameron
Emilia,Miley Cyrus
Emilia,Dua Lipa
Emilia,Kim Petras
Emilia,Perrie
Emilia,Iggy Azalea
Emilia,La Oreja de Van Gogh
Emilia,Manu Gavassi
Emilia,Natalia Lacunza
Emilia,ROSALÍA
Emilia,Elena Rose
Emilia,DUDA BEAT
Emilia,Rigoberta Bandini
Emilia,Sofia Reyes
Emilia,Madison Beer
Emilia,Demi Lovato
Emilia,Heidi Montag
Emilia,Natalia Kills
Emilia,Victoria Justice
Emilia,Selena Gomez & the Scene
Emilia,Foxes
Emilia,Jorge Blanco
Emilia,Tinashe
Emilia,Britney Spears
Emilia,Urias
Emilia,Anahí
Emilia,Thalía
Emilia,Paulina Rubio
Emilia,Mýa
Emilia,Meghan Trainor
Emilia,Rita Ora
Emilia,The Pussycat Dolls
Emilia,Loreen
Emilia,Ariana Grande
Emilia,Bandana
Emilia,Lolo Zouaï
Emilia,Paty Cantú
Emilia,Paris Hilton
Emilia,Wanessa
Emilia,Teen Angels
Emilia,Lauren Jauregui
